t,x(t),v(t),F(t) (added)
0.02,2,0,-200
0.04,1.9992,-0.04,-199.92
0.06,1.9976,-0.07998399,-199.76
0.08,1.995202,-0.119936,-199.5202
0.09999999,1.992005,-0.15984,-199.2005
0.12,1.988011,-0.1996801,-198.8011
0.14,1.983222,-0.2394403,-198.3222
0.16,1.97764,-0.2791048,-197.764
0.18,1.971267,-0.3186576,-197.1267
0.2,1.964105,-0.3580829,-196.4106
0.22,1.956158,-0.397365,-195.6158
0.24,1.947428,-0.4364882,-194.7428
0.26,1.93792,-0.4754367,-193.792
0.28,1.927636,-0.5141951,-192.7636
0.3,1.916581,-0.5527478,-191.6581
0.32,1.904759,-0.5910795,-190.4759
0.34,1.892176,-0.6291746,-189.2176
0.36,1.878835,-0.6670182,-187.8835
0.38,1.864743,-0.7045949,-186.4743
0.4,1.849906,-0.7418897,-184.9906
0.42,1.834328,-0.7788878,-183.4328
0.4400001,1.818016,-0.8155743,-181.8016
0.4600001,1.800978,-0.8519347,-180.0978
0.4800001,1.783219,-0.8879542,-178.3219
0.5000001,1.764746,-0.9236186,-176.4746
0.52,1.745568,-0.9589136,-174.5568
0.54,1.725691,-0.9938249,-172.5691
0.56,1.705125,-1.028339,-170.5125
0.58,1.683876,-1.062441,-168.3876
0.6,1.661953,-1.096119,-166.1953
0.6199999,1.639366,-1.129358,-163.9366
0.6399999,1.616123,-1.162145,-161.6123
0.6599999,1.592234,-1.194467,-159.2234
0.6799999,1.567708,-1.226312,-156.7708
0.6999999,1.542554,-1.257666,-154.2554
0.7199998,1.516784,-1.288517,-151.6784
0.7399998,1.490407,-1.318853,-149.0407
0.7599998,1.463434,-1.348661,-146.3434
0.7799998,1.435875,-1.37793,-143.5875
0.7999998,1.407742,-1.406647,-140.7742
0.8199998,1.379046,-1.434802,-137.9046
0.8399997,1.349799,-1.462383,-134.9799
0.8599997,1.320011,-1.489379,-132.0011
0.8799997,1.289696,-1.515779,-128.9695
0.8999997,1.258864,-1.541573,-125.8864
0.9199997,1.227529,-1.566751,-122.7529
0.9399996,1.195703,-1.591301,-119.5703
0.9599996,1.163399,-1.615215,-116.3399
0.9799996,1.130629,-1.638483,-113.0629
0.9999996,1.097407,-1.661096,-109.7407
1.02,1.063746,-1.683044,-106.3746
1.04,1.02966,-1.704319,-102.966
1.06,0.9951617,-1.724912,-99.51617
1.08,0.9602653,-1.744815,-96.02654
1.1,0.9249849,-1.76402,-92.49849
1.12,0.8893346,-1.78252,-88.93346
1.14,0.8533284,-1.800307,-85.33284
1.159999,0.816981,-1.817374,-81.6981
1.179999,0.7803067,-1.833713,-78.03067
1.199999,0.7433203,-1.849319,-74.33203
1.219999,0.7060366,-1.864186,-70.60365
1.239999,0.6684704,-1.878306,-66.84705
1.259999,0.6306369,-1.891676,-63.06369
1.279999,0.5925512,-1.904289,-59.25512
1.299999,0.5542284,-1.91614,-55.42284
1.319999,0.5156839,-1.927224,-51.56839
1.339999,0.4769331,-1.937538,-47.69331
1.359999,0.4379916,-1.947076,-43.79916
1.379999,0.3988749,-1.955836,-39.88749
1.399999,0.3595986,-1.963814,-35.95986
1.419999,0.3201785,-1.971006,-32.01785
1.439999,0.2806303,-1.977409,-28.06303
1.459999,0.2409699,-1.983022,-24.09698
1.479999,0.201213,-1.987841,-20.1213
1.499999,0.1613757,-1.991866,-16.13757
1.519999,0.1214739,-1.995093,-12.14739
1.539999,0.0815234,-1.997523,-8.15234
1.559999,0.04154034,-1.999153,-4.154034
1.579999,0.001540668,-1.999984,-0.1540668
1.599999,-0.03845962,-2.000015,3.845962
1.619999,-0.07844453,-1.999245,7.844452
1.639999,-0.1183981,-1.997676,11.83981
1.659999,-0.1583042,-1.995309,15.83042
1.679999,-0.1981471,-1.992142,19.81471
1.699999,-0.2379107,-1.988179,23.79107
1.719999,-0.2775791,-1.983421,27.75791
1.739999,-0.3171365,-1.97787,31.71365
1.759999,-0.356567,-1.971527,35.6567
1.779999,-0.3958549,-1.964396,39.58549
1.799999,-0.4349844,-1.956478,43.49844
1.819999,-0.47394,-1.947779,47.394
1.839999,-0.512706,-1.9383,51.2706
1.859999,-0.551267,-1.928046,55.1267
1.879999,-0.5896074,-1.917021,58.96074
1.899999,-0.627712,-1.905228,62.77119
1.919999,-0.6655654,-1.892674,66.55654
1.939999,-0.7031527,-1.879363,70.31526
1.959999,-0.7404587,-1.8653,74.04587
1.979999,-0.7774685,-1.850491,77.74685
1.999999,-0.8141673,-1.834941,81.41673
2.019999,-0.8505405,-1.818658,85.05405
2.039999,-0.8865734,-1.801647,88.65734
2.059999,-0.9222517,-1.783916,92.22517
2.079999,-0.9575611,-1.765471,95.75611
2.099999,-0.9924875,-1.746319,99.24876
2.119999,-1.027017,-1.72647,102.7017
2.139999,-1.061136,-1.705929,106.1136
2.159999,-1.09483,-1.684707,109.483
2.179999,-1.128086,-1.66281,112.8086
2.199999,-1.160891,-1.640248,116.0891
2.219999,-1.193231,-1.617031,119.3231
2.239999,-1.225095,-1.593166,122.5095
2.259999,-1.256468,-1.568664,125.6468
2.279999,-1.287339,-1.543535,128.7339
2.299999,-1.317695,-1.517788,131.7695
2.319999,-1.347523,-1.491434,134.7523
2.339998,-1.376813,-1.464483,137.6813
2.359998,-1.405552,-1.436947,140.5552
2.379998,-1.433729,-1.408836,143.3729
2.399998,-1.461332,-1.380162,146.1332
2.419998,-1.488351,-1.350935,148.8351
2.439998,-1.514774,-1.321168,151.4774
2.459998,-1.540591,-1.290872,154.0591
2.479998,-1.565793,-1.260061,156.5793
2.499998,-1.590367,-1.228745,159.0367
2.519998,-1.614306,-1.196938,161.4306
2.539998,-1.637599,-1.164651,163.7599
2.559998,-1.660237,-1.131899,166.0237
2.579998,-1.682211,-1.098695,168.2211
2.599998,-1.703512,-1.06505,170.3512
2.619998,-1.724132,-1.03098,172.4132
2.639998,-1.744062,-0.9964975,174.4062
2.659998,-1.763294,-0.9616162,176.3294
2.679998,-1.781821,-0.9263504,178.1821
2.699998,-1.799635,-0.8907139,179.9635
2.719998,-1.81673,-0.8547212,181.673
2.739998,-1.833097,-0.8183867,183.3098
2.759998,-1.848732,-0.7817248,184.8732
2.779998,-1.863627,-0.7447501,186.3627
2.799998,-1.877777,-0.7074776,187.7776
2.819998,-1.891175,-0.6699221,189.1175
2.839998,-1.903817,-0.6320986,190.3817
2.859998,-1.915697,-0.5940223,191.5697
2.879998,-1.926811,-0.5557083,192.6812
2.899998,-1.937155,-0.5171721,193.7155
2.919998,-1.946723,-0.478429,194.6723
2.939998,-1.955513,-0.4394946,195.5513
2.959998,-1.963521,-0.4003843,196.3521
2.979998,-1.970743,-0.3611138,197.0743
2.999998,-1.977177,-0.321699,197.7177
3.019998,-1.98282,-0.2821555,198.282
3.039998,-1.98767,-0.2424991,198.767
3.059998,-1.991725,-0.2027456,199.1725
3.079998,-1.994984,-0.1629111,199.4984
3.099998,-1.997444,-0.1230115,199.7444
3.119998,-1.999105,-0.0830626,199.9105
3.139998,-1.999967,-0.0430805,199.9967
3.159998,-2.000028,-0.003081172,200.0028
3.179998,-1.99929,0.03691939,199.929
3.199998,-1.997752,0.07690519,199.7752
3.219998,-1.995415,0.1168602,199.5415
3.239998,-1.992279,0.1567685,199.2279
3.259998,-1.988347,0.1966141,198.8347
3.279998,-1.983619,0.236381,198.3619
3.299998,-1.978098,0.2760534,197.8098
3.319998,-1.971786,0.3156154,197.1786
3.339998,-1.964685,0.3550511,196.4685
3.359998,-1.956798,0.3943448,195.6798
3.379997,-1.948129,0.4334808,194.8129
3.399997,-1.93868,0.4724433,193.868
3.419997,-1.928455,0.5112169,192.8455
3.439997,-1.91746,0.549786,191.746
3.459997,-1.905697,0.5881352,190.5697
3.479997,-1.893172,0.6262492,189.3172
3.499997,-1.87989,0.6641126,187.989
3.519997,-1.865855,0.7017104,186.5855
3.539997,-1.851075,0.7390275,185.1075
3.559997,-1.835554,0.776049,183.5554
3.579997,-1.819299,0.8127601,181.9299
3.599997,-1.802316,0.8491461,180.2316
3.619997,-1.784612,0.8851924,178.4612
3.639997,-1.766194,0.9208846,176.6194
3.659997,-1.74707,0.9562085,174.707
3.679997,-1.727247,0.9911498,172.7247
3.699997,-1.706733,1.025695,170.6733
3.719997,-1.685537,1.059829,168.5537
3.739997,-1.663666,1.09354,166.3666
3.759997,-1.641129,1.126813,164.1129
3.779997,-1.617937,1.159636,161.7937
3.799997,-1.594097,1.191995,159.4097
3.819997,-1.569619,1.223877,156.9619
3.839997,-1.544514,1.255269,154.4514
3.859997,-1.518791,1.286159,151.8791
3.879997,-1.49246,1.316535,149.246
3.899997,-1.465532,1.346384,146.5532
3.919997,-1.438018,1.375695,143.8018
3.939997,-1.409929,1.404455,140.9929
3.959997,-1.381276,1.432654,138.1276
3.979997,-1.352071,1.460279,135.2071
3.999997,-1.322324,1.487321,132.2324
4.019997,-1.292049,1.513767,129.2049
4.039997,-1.261257,1.539608,126.1257
4.059997,-1.22996,1.564834,122.996
4.079997,-1.198171,1.589433,119.8171
4.099997,-1.165904,1.613396,116.5904
4.119997,-1.133169,1.636714,113.3169
4.139997,-1.099982,1.659378,109.9982
4.159997,-1.066354,1.681377,106.6354
4.179997,-1.0323,1.702704,103.23
4.199997,-0.9978333,1.72335,99.78333
4.219997,-0.9629671,1.743307,96.29671
4.239997,-0.9277158,1.762566,92.77158
4.259997,-0.8920934,1.781121,89.20934
4.279997,-0.8561141,1.798962,85.61141
4.299997,-0.8197924,1.816085,81.97924
4.319997,-0.7831428,1.832481,78.31428
4.339997,-0.7461799,1.848143,74.618
4.359997,-0.7089186,1.863067,70.89186
4.379997,-0.6713737,1.877245,67.13737
4.399997,-0.6335602,1.890673,63.35602
4.419997,-0.5954933,1.903344,59.54933
4.439997,-0.5571882,1.915254,55.71882
4.459997,-0.5186602,1.926398,51.86602
4.479997,-0.4799248,1.936771,47.99248
4.499997,-0.4409974,1.94637,44.09974
4.519997,-0.4018936,1.955189,40.18937
4.539997,-0.3626291,1.963227,36.26291
4.559997,-0.3232195,1.97048,32.32195
4.579997,-0.2836806,1.976944,28.36806
4.599997,-0.2440282,1.982618,24.40282
4.619997,-0.2042783,1.987499,20.42783
4.639997,-0.1644466,1.991584,16.44466
4.659997,-0.1245491,1.994873,12.45491
4.679996,-0.08460184,1.997364,8.460184
4.699996,-0.04462072,1.999056,4.462072
4.719996,-0.004621752,1.999949,0.4621752
4.739996,0.03537907,2.000041,-3.537907
4.759996,0.07536574,1.999333,-7.536574
4.779996,0.1153223,1.997826,-11.53223
4.799996,0.1552327,1.99552,-15.52326
4.819996,0.195081,1.992415,-19.50809
4.839996,0.2348512,1.988513,-23.48512
4.859996,0.2745275,1.983816,-27.45275
4.879996,0.3140941,1.978326,-31.40941
4.899996,0.3535349,1.972044,-35.35349
4.919996,0.3928344,1.964973,-39.28344
4.939996,0.4319767,1.957117,-43.19767
4.959996,0.4709463,1.948477,-47.09463
4.979996,0.5097274,1.939058,-50.97274
4.999996,0.5483047,1.928864,-54.83047
5.019996,0.5866627,1.917897,-58.66626
5.039996,0.624786,1.906164,-62.4786
5.059996,0.6626593,1.893668,-66.26594
5.079996,0.7002677,1.880415,-70.02676
5.099996,0.7375959,1.86641,-73.75958
5.119996,0.774629,1.851658,-77.4629
5.139996,0.8113523,1.836165,-81.13523
5.159996,0.8477511,1.819938,-84.77511
5.179996,0.8838108,1.802983,-88.38107
5.199996,0.9195169,1.785307,-91.95169
5.219996,0.9548553,1.766917,-95.48553
5.239996,0.9898117,1.74782,-98.98116
5.259996,1.024372,1.728024,-102.4372
5.279996,1.058523,1.707536,-105.8523
5.299996,1.09225,1.686366,-109.225
5.319996,1.12554,1.664521,-112.554
5.339996,1.158381,1.64201,-115.8381
5.359996,1.190758,1.618842,-119.0758
5.379996,1.222658,1.595027,-122.2658
5.399996,1.25407,1.570574,-125.407
5.419996,1.28498,1.545493,-128.498
5.439996,1.315375,1.519793,-131.5376
5.459996,1.345245,1.493485,-134.5245
5.479996,1.374577,1.466581,-137.4577
5.499996,1.403358,1.439089,-140.3358
5.519996,1.431579,1.411022,-143.1579
5.539996,1.459227,1.38239,-145.9227
5.559996,1.486291,1.353206,-148.6291
5.579996,1.51276,1.32348,-151.276
5.599996,1.538625,1.293225,-153.8625
5.619996,1.563874,1.262452,-156.3874
5.639996,1.588497,1.231175,-158.8497
5.659996,1.612486,1.199405,-161.2486
5.679996,1.635829,1.167155,-163.5829
5.699996,1.658517,1.134439,-165.8517
5.719995,1.680543,1.101268,-168.0543
5.739995,1.701896,1.067657,-170.1896
5.759995,1.722568,1.033619,-172.2568
5.779995,1.742552,0.999168,-174.2552
5.799995,1.761838,0.964317,-176.1838
5.819995,1.78042,0.9290802,-178.042
5.839995,1.798289,0.8934718,-179.8289
5.859995,1.815439,0.857506,-181.5439
5.879995,1.831863,0.8211973,-183.1863
5.899995,1.847554,0.78456,-184.7554
5.919995,1.862507,0.747609,-186.2507
5.939995,1.876714,0.7103589,-187.6714
5.959995,1.89017,0.6728246,-189.017
5.979995,1.902871,0.6350212,-190.2871
5.999995,1.91481,0.5969638,-191.481
6.019995,1.925983,0.5586675,-192.5983
6.039995,1.936386,0.5201479,-193.6386
6.059995,1.946015,0.4814201,-194.6015
6.079995,1.954865,0.4424998,-195.4865
6.099995,1.962933,0.4034026,-196.2933
6.119995,1.970216,0.3641439,-197.0216
6.139995,1.97671,0.3247396,-197.671
6.159995,1.982414,0.2852054,-198.2415
6.179995,1.987326,0.2455571,-198.7326
6.199995,1.991442,0.2058106,-199.1442
6.219995,1.994761,0.1659818,-199.4762
6.239995,1.997283,0.1260865,-199.7283
6.259995,1.999006,0.08614087,-199.9006
6.279995,1.999929,0.04616075,-199.9929
6.299995,2.000052,0.006162165,-200.0052
6.319995,1.999376,-0.03383888,-199.9376
6.339995,1.997899,-0.07382639,-199.7899
6.359995,1.995623,-0.1137844,-199.5623
6.379995,1.99255,-0.1536968,-199.255
6.399995,1.988679,-0.1935478,-198.8679
6.419995,1.984012,-0.2333214,-198.4012
6.439995,1.978552,-0.2730016,-197.8552
6.459995,1.972301,-0.3125727,-197.2301
6.479995,1.96526,-0.3520187,-196.526
6.499995,1.957434,-0.3913239,-195.7434
6.519995,1.948824,-0.4304726,-194.8824
6.539995,1.939435,-0.4694491,-193.9435
6.559995,1.929271,-0.5082378,-192.9271
6.579995,1.918334,-0.5468233,-191.8334
6.599995,1.90663,-0.5851899,-190.663
6.619995,1.894164,-0.6233225,-189.4164
6.639995,1.88094,-0.6612058,-188.094
6.659995,1.866963,-0.6988246,-186.6963
6.679995,1.85224,-0.7361639,-185.224
6.699995,1.836776,-0.7732087,-183.6776
6.719995,1.820577,-0.8099443,-182.0577
6.739995,1.80365,-0.8463558,-180.365
6.759995,1.786001,-0.8824288,-178.6001
6.779994,1.767638,-0.9181488,-176.7638
6.799994,1.748568,-0.9535016,-174.8568
6.819994,1.728799,-0.9884729,-172.8799
6.839994,1.708338,-1.023049,-170.8338
6.859994,1.687194,-1.057216,-168.7194
6.879994,1.665374,-1.09096,-166.5374
6.899994,1.642889,-1.124267,-164.2889
6.919994,1.619747,-1.157125,-161.9747
6.939994,1.595956,-1.18952,-159.5956
6.959994,1.571527,-1.221439,-157.1527
6.979994,1.54647,-1.252869,-154.647
6.999994,1.520794,-1.283799,-152.0794
7.019994,1.49451,-1.314215,-149.451
7.039994,1.467628,-1.344105,-146.7628
7.059994,1.440158,-1.373457,-144.0159
7.079994,1.412113,-1.402261,-141.2113
7.099994,1.383503,-1.430503,-138.3503
7.119994,1.35434,-1.458173,-135.434
7.139994,1.324635,-1.48526,-132.4635
7.159994,1.294399,-1.511752,-129.44
7.179994,1.263647,-1.53764,-126.3647
7.199994,1.232388,-1.562913,-123.2388
7.219994,1.200637,-1.587561,-120.0637
7.239994,1.168406,-1.611574,-116.8406
7.259994,1.135707,-1.634942,-113.5707
7.279994,1.102554,-1.657656,-110.2554
7.299994,1.06896,-1.679707,-106.896
7.319994,1.034938,-1.701086,-103.4938
7.339994,1.000502,-1.721785,-100.0502
7.359994,0.9656664,-1.741795,-96.56664
7.379994,0.9304442,-1.761108,-93.04442
7.399994,0.8948498,-1.779717,-89.48499
7.419994,0.8588976,-1.797614,-85.88976
7.439994,0.8226017,-1.814792,-82.26017
7.459994,0.7859768,-1.831244,-78.59768
7.479994,0.7490376,-1.846964,-74.90376
7.499994,0.7117987,-1.861945,-71.17987
7.519994,0.674275,-1.876181,-67.42751
7.539994,0.6364817,-1.889666,-63.64817
7.559994,0.5984338,-1.902396,-59.84338
7.579994,0.5601465,-1.914365,-56.01465
7.599994,0.5216352,-1.925568,-52.16352
7.619994,0.4829152,-1.936,-48.29152
7.639994,0.444002,-1.945659,-44.4002
7.659994,0.4049112,-1.954539,-40.49112
7.679994,0.3656585,-1.962637,-36.56585
7.699994,0.3262595,-1.96995,-32.62595
7.719994,0.28673,-1.976475,-28.673
7.739994,0.2470858,-1.98221,-24.70858
7.759994,0.2073428,-1.987151,-20.73428
7.779994,0.1675168,-1.991298,-16.75168
7.799994,0.1276238,-1.994649,-12.76238
7.819993,0.08767982,-1.997201,-8.767982
7.839993,0.04770073,-1.998955,-4.770072
7.859993,0.007702552,-1.999909,-0.7702552
7.879993,-0.0322987,-2.000063,3.22987
7.899993,-0.07228704,-1.999417,7.228704
7.919993,-0.1122465,-1.997971,11.22465
7.939993,-0.152161,-1.995726,15.2161
7.959993,-0.1920146,-1.992683,19.20146
7.979993,-0.2317915,-1.988842,23.17915
7.999993,-0.2714756,-1.984207,27.14756
8.019994,-0.3110512,-1.978777,31.10512
8.039994,-0.3505023,-1.972556,35.05023
8.059995,-0.3898132,-1.965546,38.98132
8.079995,-0.4289682,-1.95775,42.89682
8.099996,-0.4679516,-1.94917,46.79516
8.119996,-0.5067478,-1.939811,50.67479
8.139997,-0.5453414,-1.929676,54.53414
8.159997,-0.5837168,-1.91877,58.37167
8.179997,-0.6218587,-1.907095,62.18587
8.199998,-0.6597518,-1.894658,65.97518
8.219998,-0.6973811,-1.881463,69.73811
8.239999,-0.7347314,-1.867515,73.47314
8.259999,-0.7717878,-1.852821,77.17878
8.28,-0.8085355,-1.837385,80.85355
8.3,-0.8449597,-1.821214,84.49597
8.320001,-0.8810461,-1.804315,88.10461
8.340001,-0.9167799,-1.786694,91.67799
8.360002,-0.9521471,-1.768359,95.21471
8.380002,-0.9871334,-1.749316,98.71334
8.400002,-1.021725,-1.729573,102.1725
8.420003,-1.055908,-1.709139,105.5908
8.440003,-1.089668,-1.68802,108.9668
8.460004,-1.122993,-1.666227,112.2993
8.480004,-1.155868,-1.643767,115.5868
8.500005,-1.188281,-1.62065,118.8281
8.520005,-1.220219,-1.596884,122.0219
8.540006,-1.251668,-1.57248,125.1668
8.560006,-1.282617,-1.547446,128.2617
8.580007,-1.313053,-1.521794,131.3053
8.600007,-1.342964,-1.495533,134.2964
8.620008,-1.372337,-1.468674,137.2337
8.640008,-1.401162,-1.441227,140.1162
8.660008,-1.429426,-1.413204,142.9426
8.680009,-1.457118,-1.384615,145.7118
8.700009,-1.484228,-1.355473,148.4228
8.72001,-1.510743,-1.325788,151.0744
8.74001,-1.536655,-1.295573,153.6655
8.760011,-1.561952,-1.26484,156.1952
8.780011,-1.586624,-1.233601,158.6624
8.800012,-1.610661,-1.201869,161.0661
8.820012,-1.634054,-1.169656,163.4054
8.840013,-1.656794,-1.136975,165.6794
8.860013,-1.678871,-1.103839,167.8871
8.880013,-1.700276,-1.070261,170.0276
8.900014,-1.721001,-1.036256,172.1001
8.920014,-1.741038,-1.001836,174.1038
8.940015,-1.760378,-0.967015,176.0378
8.960015,-1.779014,-0.9318074,177.9014
8.980016,-1.796939,-0.8962271,179.6938
9.000016,-1.814144,-0.8602884,181.4144
9.020017,-1.830624,-0.8240055,183.0624
9.040017,-1.846372,-0.787393,184.6372
9.060018,-1.861382,-0.7504655,186.1382
9.080018,-1.875646,-0.7132379,187.5646
9.100019,-1.889161,-0.675725,188.9161
9.120019,-1.90192,-0.6379418,190.192
9.140019,-1.913918,-0.5999034,191.3918
9.16002,-1.92515,-0.5616251,192.515
9.18002,-1.935613,-0.5231221,193.5612
9.200021,-1.945301,-0.4844098,194.5301
9.220021,-1.954211,-0.4455038,195.4211
9.240022,-1.962339,-0.4064196,196.2339
9.260022,-1.969683,-0.3671728,196.9683
9.280023,-1.976238,-0.3277791,197.6238
9.300023,-1.982003,-0.2882544,198.2003
9.320024,-1.986976,-0.2486143,198.6976
9.340024,-1.991153,-0.2088748,199.1153
9.360024,-1.994534,-0.1690517,199.4534
9.380025,-1.997117,-0.129161,199.7117
9.400025,-1.998902,-0.08921868,199.8902
9.420026,-1.999886,-0.04924065,199.9886
9.440026,-2.000071,-0.00924293,200.0071
9.460027,-1.999456,0.0307585,199.9456
9.480027,-1.998041,0.07074761,199.8041
9.500028,-1.995827,0.1107084,199.5827
9.520028,-1.992815,0.150625,199.2814
9.540029,-1.989005,0.1904813,198.9005
9.560029,-1.9844,0.2302614,198.44
9.580029,-1.979001,0.2699493,197.9001
9.60003,-1.97281,0.3095294,197.281
9.62003,-1.965831,0.3489856,196.5831
9.640031,-1.958065,0.3883021,195.8065
9.660031,-1.949515,0.4274634,194.9515
9.680032,-1.940186,0.4664538,194.0186
9.700032,-1.930081,0.5052575,193.0081
9.720033,-1.919204,0.5438591,191.9204
9.740033,-1.907559,0.5822432,190.7559
9.760034,-1.895151,0.6203944,189.5151
9.780034,-1.881985,0.6582974,188.1985
9.800035,-1.868067,0.6959371,186.8067
9.820035,-1.853401,0.7332984,185.3401
9.840035,-1.837993,0.7703664,183.7993
9.860036,-1.821851,0.8071263,182.1851
9.880036,-1.80498,0.8435633,180.498
9.900037,-1.787386,0.8796629,178.7386
9.920037,-1.769078,0.9154106,176.9078
9.940038,-1.750062,0.9507922,175.0062
9.960038,-1.730346,0.9857934,173.0346
9.980039,-1.709938,1.0204,170.9938
10.00004,-1.688846,1.054599,168.8846
10.02004,-1.667079,1.088376,166.7079
10.04004,-1.644645,1.121717,164.4645
10.06004,-1.621552,1.15461,162.1552
10.08004,-1.597812,1.187041,159.7812
10.10004,-1.573432,1.218998,157.3432
10.12004,-1.548422,1.250466,154.8422
10.14004,-1.522794,1.281435,152.2794
10.16004,-1.496556,1.31189,149.6556
10.18004,-1.46972,1.341822,146.972
10.20004,-1.442295,1.371216,144.2295
10.22004,-1.414294,1.400062,141.4294
10.24004,-1.385727,1.428348,138.5727
10.26005,-1.356606,1.456062,135.6606
10.28005,-1.326942,1.483194,132.6942
10.30005,-1.296747,1.509733,129.6747
10.32005,-1.266034,1.535668,126.6034
10.34005,-1.234814,1.560989,123.4814
10.36005,-1.2031,1.585685,120.31
10.38005,-1.170905,1.609747,117.0905
10.40005,-1.138242,1.633165,113.8242
10.42005,-1.105124,1.65593,110.5124
10.44005,-1.071563,1.678032,107.1563
10.46005,-1.037574,1.699464,103.7574
10.48005,-1.003169,1.720215,100.3169
10.50005,-0.9683637,1.740278,96.83637
10.52005,-0.9331708,1.759646,93.31708
10.54005,-0.8976046,1.778309,89.76046
10.56005,-0.8616794,1.796261,86.16794
10.58005,-0.8254095,1.813495,82.54095
10.60005,-0.7888094,1.830003,78.88094
10.62005,-0.7518938,1.845779,75.18938
10.64005,-0.7146775,1.860817,71.46774
10.66005,-0.6771752,1.875111,67.71752
10.68005,-0.6394022,1.888654,63.94022
10.70006,-0.6013733,1.901442,60.13733
10.72006,-0.5631039,1.91347,56.31039
10.74006,-0.5246093,1.924732,52.46093
10.76006,-0.4859048,1.935224,48.59048
10.78006,-0.4470059,1.944942,44.70059
10.80006,-0.4079283,1.953882,40.79283
10.82006,-0.3686875,1.962041,36.86875
10.84006,-0.3292992,1.969414,32.92992
10.86006,-0.2897792,1.976,28.97792
10.88006,-0.2501433,1.981796,25.01433
10.90006,-0.2104073,1.986799,21.04073
10.92006,-0.1705872,1.991007,17.05872
10.94006,-0.1306988,1.994419,13.06988
10.96006,-0.09075813,1.997033,9.075813
10.98006,-0.05078118,1.998848,5.078117
11.00006,-0.01078391,1.999864,1.078391
11.02006,0.02921768,2.000079,-2.921767
11.04006,0.06920757,1.999495,-6.920757
11.06006,0.1091698,1.998111,-10.91698
11.08006,0.1490883,1.995927,-14.90883
11.10006,0.1889472,1.992945,-18.89472
11.12006,0.2287306,1.989166,-22.87306
11.14007,0.2684224,1.984592,-26.84224
11.16007,0.3080069,1.979223,-30.80069
11.18007,0.3474681,1.973063,-34.74681
11.20007,0.3867904,1.966114,-38.67904
11.22007,0.4259579,1.958378,-42.59579
11.24007,0.4649551,1.949859,-46.49551
11.26007,0.5037663,1.94056,-50.37663
11.28007,0.542376,1.930484,-54.2376
11.30007,0.5807687,1.919637,-58.07687
11.32007,0.6189291,1.908021,-61.89291
11.34007,0.656842,1.895643,-65.6842
11.36007,0.6944921,1.882506,-69.44921
11.38007,0.7318645,1.868616,-73.18645
11.40007,0.768944,1.853979,-76.8944
11.42007,0.805716,1.8386,-80.5716
11.44007,0.8421658,1.822486,-84.21658
11.46007,0.8782786,1.805642,-87.82786
11.48007,0.9140401,1.788077,-91.40401
11.50007,0.9494361,1.769796,-94.9436
11.52007,0.9844522,1.750807,-98.44522
11.54007,1.019075,1.731118,-101.9075
11.56007,1.053289,1.710737,-105.3289
11.58008,1.087083,1.689671,-108.7083
11.60008,1.120441,1.667929,-112.0441
11.62008,1.153352,1.645521,-115.3352
11.64008,1.185801,1.622454,-118.5801
11.66008,1.217776,1.598738,-121.7776
11.68008,1.249263,1.574382,-124.9263
11.70008,1.280251,1.549397,-128.0251
11.72008,1.310727,1.523792,-131.0727
11.74008,1.340679,1.497577,-134.0679
11.76008,1.370094,1.470764,-137.0094
11.78008,1.398961,1.443362,-139.8961
11.80008,1.427269,1.415382,-142.7269
11.82008,1.455006,1.386837,-145.5006
11.84008,1.48216,1.357737,-148.216
11.86008,1.508722,1.328094,-150.8722
11.88008,1.534681,1.297919,-153.4681
11.90008,1.560025,1.267226,-156.0025
11.92008,1.584746,1.236025,-158.4746
11.94008,1.608832,1.20433,-160.8832
11.96008,1.632275,1.172154,-163.2275
11.98008,1.655066,1.139508,-165.5066
12.00008,1.677194,1.106407,-167.7194
12.02009,1.698651,1.072863,-169.8651
12.04009,1.719429,1.03889,-171.9429
12.06009,1.739519,1.004501,-173.9519
12.08009,1.758913,0.9697111,-175.8913
12.10009,1.777604,0.9345328,-177.7604
12.12009,1.795583,0.8989807,-179.5583
12.14009,1.812845,0.8630691,-181.2845
12.16009,1.829381,0.8268121,-182.9381
12.18009,1.845186,0.7902246,-184.5186
12.20009,1.860252,0.7533208,-186.0252
12.22009,1.874574,0.7161158,-187.4574
12.24009,1.888147,0.6786243,-188.8147
12.26009,1.900964,0.6408613,-190.0964
12.28009,1.913021,0.602842,-191.3021
12.30009,1.924312,0.5645816,-192.4312
12.32009,1.934834,0.5260954,-193.4834
12.34009,1.944582,0.4873987,-194.4582
12.36009,1.953552,0.4485071,-195.3552
12.38009,1.961741,0.409436,-196.1741
12.40009,1.969145,0.3702012,-196.9145
12.42009,1.975761,0.3308183,-197.5761
12.44009,1.981588,0.2913031,-198.1588
12.4601,1.986621,0.2516713,-198.6621
12.4801,1.99086,0.2119389,-199.086
12.5001,1.994302,0.1721217,-199.4302
12.5201,1.996947,0.1322357,-199.6947
12.5401,1.998793,0.09229673,-199.8793
12.5601,1.999839,0.05232088,-199.9839
12.5801,2.000086,0.0123241,-200.0086
12.6001,1.999532,-0.02767761,-199.9532
12.6201,1.998179,-0.06766825,-199.8179
12.6401,1.996026,-0.1076318,-199.6026
12.6601,1.993075,-0.1475523,-199.3075
12.6801,1.989327,-0.1874138,-198.9327
12.7001,1.984783,-0.2272004,-198.4783
12.7201,1.979445,-0.266896,-197.9445
12.7401,1.973315,-0.3064849,-197.3315
12.7601,1.966396,-0.3459512,-196.6396
12.7801,1.95869,-0.3852791,-195.869
12.8001,1.950201,-0.4244529,-195.0201
12.8201,1.940932,-0.463457,-194.0932
12.8401,1.930887,-0.5022756,-193.0887
12.8601,1.920069,-0.5408933,-192.0069
12.88011,1.908483,-0.5792947,-190.8483
12.90011,1.896134,-0.6174644,-189.6134
12.92011,1.883026,-0.655387,-188.3026
12.94011,1.869165,-0.6930476,-186.9165
12.96011,1.854556,-0.7304309,-185.4556
12.98011,1.839206,-0.767522,-183.9206
13.00011,1.82312,-0.8043061,-182.312
13.02011,1.806304,-0.8407685,-180.6304
13.04011,1.788766,-0.8768946,-178.8766
13.06011,1.770513,-0.9126699,-177.0513
13.08011,1.751551,-0.9480802,-175.1551
13.10011,1.731889,-0.9831112,-173.1889
13.12011,1.711534,-1.017749,-171.1534
13.14011,1.690495,-1.05198,-169.0495
13.16011,1.668779,-1.08579,-166.8779
13.18011,1.646395,-1.119165,-164.6395
13.20011,1.623354,-1.152093,-162.3354
13.22011,1.599662,-1.18456,-159.9662
13.24011,1.575331,-1.216553,-157.5331
13.26011,1.55037,-1.24806,-155.037
13.28011,1.524789,-1.279067,-152.4789
13.30011,1.498598,-1.309563,-149.8598
13.32012,1.471807,-1.339535,-147.1807
13.34012,1.444427,-1.368971,-144.4427
13.36012,1.41647,-1.39786,-141.647
13.38012,1.387946,-1.426189,-138.7946
13.40012,1.358867,-1.453948,-135.8867
13.42012,1.329245,-1.481125,-132.9245
13.44012,1.299091,-1.50771,-129.9091
13.46012,1.268417,-1.533692,-126.8417
13.48012,1.237236,-1.55906,-123.7236
13.50012,1.205559,-1.583805,-120.5559
13.52012,1.173401,-1.607916,-117.3401
13.54012,1.140773,-1.631384,-114.0773
13.56012,1.107689,-1.6542,-110.7689
13.58012,1.074162,-1.676354,-107.4162
13.60012,1.040206,-1.697837,-104.0206
13.62012,1.005833,-1.718641,-100.5833
13.64012,0.9710577,-1.738758,-97.10577
13.66012,0.9358941,-1.758179,-93.58941
13.68012,0.9003561,-1.776897,-90.03561
13.70012,0.864458,-1.794904,-86.4458
13.72012,0.8282142,-1.812193,-82.82142
13.74012,0.791639,-1.828757,-79.1639
13.76013,0.7547472,-1.84459,-75.47472
13.78013,0.7175535,-1.859685,-71.75535
13.80013,0.6800728,-1.874036,-68.00728
13.82013,0.64232,-1.887637,-64.232
13.84013,0.6043103,-1.900484,-60.43103
13.86013,0.5660589,-1.91257,-56.60589
13.88013,0.5275811,-1.923891,-52.75811
13.90013,0.4888923,-1.934443,-48.88923
13.92013,0.4500079,-1.944221,-45.00079
13.94013,0.4109434,-1.953221,-41.09435
13.96013,0.3717147,-1.96144,-37.17147
13.98013,0.3323372,-1.968874,-33.23372
14.00013,0.2928268,-1.975521,-29.28268
14.02013,0.2531992,-1.981377,-25.31992
14.04013,0.2134704,-1.986441,-21.34704
14.06013,0.1736562,-1.99071,-17.36562
14.08013,0.1337725,-1.994184,-13.37725
14.10013,0.09383534,-1.996859,-9.383533
14.12013,0.05386062,-1.998736,-5.386062
14.14013,0.01386436,-1.999813,-1.386436
14.16013,-0.02613744,-2.00009,2.613744
14.18013,-0.06612879,-1.999568,6.612879
14.20014,-0.1060937,-1.998245,10.60937
14.22014,-0.1460162,-1.996123,14.60161
14.24014,-0.1858802,-1.993203,18.58802
14.26014,-0.2256699,-1.989485,22.56699
14.28014,-0.2653694,-1.984972,26.53694
14.30014,-0.3049626,-1.979664,30.49626
14.32014,-0.3444339,-1.973565,34.44339
14.34014,-0.3837675,-1.966676,38.37675
14.36014,-0.4229475,-1.959001,42.29475
14.38014,-0.4619583,-1.950542,46.19583
14.40014,-0.5007844,-1.941303,50.07844
14.42014,-0.5394101,-1.931287,53.94101
14.44014,-0.5778201,-1.920499,57.78201
14.46014,-0.615999,-1.908943,61.5999
14.48014,-0.6539314,-1.896623,65.39314
14.50014,-0.6916023,-1.883544,69.16023
14.52014,-0.7289966,-1.869712,72.89966
14.54014,-0.7660992,-1.855132,76.60992
14.56014,-0.8028954,-1.83981,80.28954
14.58014,-0.8393705,-1.823752,83.93705
14.60014,-0.8755098,-1.806965,87.55098
14.62014,-0.9112989,-1.789455,91.12989
14.64015,-0.9467235,-1.771229,94.67235
14.66015,-0.9817693,-1.752294,98.17693
14.68015,-1.016423,-1.732659,101.6423
14.70015,-1.050669,-1.71233,105.0669
14.72015,-1.084495,-1.691317,108.4495
14.74015,-1.117888,-1.669627,111.7888
14.76015,-1.150833,-1.647269,115.0833
14.78015,-1.183318,-1.624253,118.3318
14.80015,-1.21533,-1.600586,121.533
14.82015,-1.246856,-1.57628,124.6856
14.84015,-1.277883,-1.551343,127.7883
14.86015,-1.308398,-1.525785,130.8398
14.88015,-1.338391,-1.499617,133.8391
14.90015,-1.367848,-1.472849,136.7848
14.92015,-1.396757,-1.445492,139.6757
14.94015,-1.425109,-1.417557,142.5108
14.96015,-1.45289,-1.389055,145.289
14.98015,-1.48009,-1.359997,148.009
15.00015,-1.506698,-1.330395,150.6698
15.02015,-1.532703,-1.300261,153.2703
15.04015,-1.558095,-1.269607,155.8095
15.06015,-1.582864,-1.238445,158.2864
15.08016,-1.607,-1.206788,160.7
15.10016,-1.630493,-1.174648,163.0493
15.12016,-1.653333,-1.142038,165.3333
15.14016,-1.675513,-1.108972,167.5513
15.16016,-1.697022,-1.075461,169.7022
15.18016,-1.717852,-1.041521,171.7852
15.20016,-1.737996,-1.007164,173.7996
15.22016,-1.757444,-0.9724039,175.7444
15.24016,-1.776189,-0.9372551,177.6189
15.26016,-1.794223,-0.9017313,179.4223
15.28016,-1.81154,-0.8658469,181.154
15.30016,-1.828133,-0.8296161,182.8132
15.32016,-1.843994,-0.7930534,184.3994
15.34016,-1.859117,-0.7561736,185.9117
15.36016,-1.873497,-0.7189912,187.3497
15.38016,-1.887127,-0.6815213,188.7127
15.40016,-1.900003,-0.6437787,190.0003
15.42016,-1.912118,-0.6057787,191.2118
15.44016,-1.923469,-0.5675364,192.3469
15.46016,-1.934051,-0.529067,193.4051
15.48016,-1.943858,-0.490386,194.3858
15.50016,-1.952888,-0.4515088,195.2888
15.52017,-1.961138,-0.4124511,196.1138
15.54017,-1.968602,-0.3732283,196.8602
15.56017,-1.975279,-0.3338563,197.5279
15.58017,-1.981166,-0.2943507,198.1166
15.60017,-1.986261,-0.2547274,198.6261
15.62017,-1.990561,-0.2150022,199.0561
15.64017,-1.994065,-0.175191,199.4065
15.66017,-1.996771,-0.1353097,199.6771
15.68017,-1.998678,-0.09537426,199.8678
15.70017,-1.999786,-0.05540069,199.9786
15.72017,-2.000094,-0.01540497,200.0094
15.74017,-1.999602,0.02459692,199.9603
15.76017,-1.998311,0.06458896,199.8311
15.78017,-1.99622,0.1045552,199.622
15.80017,-1.99333,0.1444796,199.333
15.82017,-1.989643,0.1843462,198.9643
15.84017,-1.98516,0.224139,198.516
15.86017,-1.979884,0.2638422,197.9884
15.88017,-1.973815,0.3034399,197.3815
15.90017,-1.966956,0.3429162,196.6956
15.92017,-1.959311,0.3822553,195.9311
15.94018,-1.950882,0.4214415,195.0882
15.96018,-1.941673,0.4604592,194.1673
15.98018,-1.931687,0.4992926,193.1687
16.00018,-1.920929,0.5379264,192.0929
16.02018,-1.909402,0.576345,190.9402
16.04018,-1.897111,0.614533,189.7111
16.06018,-1.884062,0.6524752,188.4062
16.08018,-1.870259,0.6901565,187.0259
16.10018,-1.855707,0.7275617,185.5707
16.12018,-1.840414,0.7646758,184.0414
16.14018,-1.824384,0.801484,182.4384
16.16018,-1.807625,0.8379717,180.7625
16.18018,-1.790142,0.8741242,179.0142
16.20018,-1.771944,0.9099271,177.1944
16.22018,-1.753036,0.945366,175.3036
16.24018,-1.733428,0.9804267,173.3428
16.26018,-1.713126,1.015095,171.3126
16.28018,-1.692139,1.049358,169.2139
16.30018,-1.670475,1.083201,167.0475
16.32018,-1.648143,1.11661,164.8143
16.34018,-1.625151,1.149573,162.5151
16.36018,-1.60151,1.182076,160.151
16.38018,-1.577228,1.214106,157.7228
16.40018,-1.552315,1.245651,155.2315
16.42019,-1.526781,1.276697,152.6781
16.44019,-1.500636,1.307232,150.0636
16.46019,-1.473891,1.337245,147.3891
16.48019,-1.446557,1.366723,144.6557
16.50019,-1.418644,1.395654,141.8644
16.52019,-1.390163,1.424027,139.0163
16.54019,-1.361127,1.45183,136.1127
16.56019,-1.331545,1.479053,133.1545
16.58019,-1.301432,1.505684,130.1432
16.60019,-1.270797,1.531712,127.0798
16.62019,-1.239655,1.557128,123.9655
16.64019,-1.208017,1.581921,120.8017
16.66019,-1.175895,1.606082,117.5895
16.68019,-1.143303,1.6296,114.3303
16.70019,-1.110254,1.652466,111.0254
16.72019,-1.07676,1.674671,107.676
16.74019,-1.042836,1.696206,104.2836
16.76019,-1.008495,1.717063,100.8495
16.78019,-0.9737502,1.737233,97.37502
16.80019,-0.9386161,1.756708,93.86161
16.82019,-0.9031065,1.77548,90.31065
16.84019,-0.8672357,1.793542,86.72356
16.8602,-0.8310179,1.810887,83.10179
16.8802,-0.7944677,1.827507,79.44678
16.9002,-0.7575998,1.843397,75.75998
16.9202,-0.7204289,1.858549,72.04288
16.9402,-0.6829697,1.872957,68.29697
16.9602,-0.6452374,1.886616,64.52374
16.9802,-0.607247,1.899521,60.7247
17.0002,-0.5690137,1.911666,56.90137
17.0202,-0.5305527,1.923046,53.05527
17.0402,-0.4918796,1.933658,49.18796
17.0602,-0.4530097,1.943495,45.30097
17.0802,-0.4139585,1.952555,41.39585
17.1002,-0.3747419,1.960835,37.47419
17.1202,-0.3353753,1.968329,33.53753
17.1402,-0.2958745,1.975037,29.58745
17.1602,-0.2562554,1.980954,25.62555
17.1802,-0.2165339,1.98608,21.65339
17.2002,-0.1767257,1.99041,17.67257
17.2202,-0.1368468,1.993945,13.68468
17.2402,-0.09691313,1.996682,9.691313
17.2602,-0.05694073,1.99862,5.694073
17.2802,-0.01694556,1.999759,1.694556
17.30021,0.0230564,2.000098,-2.30564
17.32021,0.06304912,1.999636,-6.304912
17.34021,0.1030166,1.998375,-10.30166
17.36021,0.1429429,1.996315,-14.29429
17.38021,0.1828121,1.993456,-18.28121
17.40021,0.2226081,1.9898,-22.26081
17.42021,0.262315,1.985348,-26.2315
17.44021,0.301917,1.980102,-30.1917
17.46021,0.3413983,1.974063,-34.13983
17.48021,0.380743,1.967235,-38.0743
17.50021,0.4199354,1.95962,-41.99354
17.52021,0.4589598,1.951222,-45.89598
17.54021,0.4978007,1.942043,-49.78007
17.56021,0.5364425,1.932087,-53.64425
17.58021,0.5748696,1.921358,-57.48696
17.60021,0.6130669,1.90986,-61.30669
17.62021,0.6510189,1.897599,-65.10188
17.64021,0.6887105,1.884579,-68.87105
17.66021,0.7261266,1.870804,-72.61266
17.68021,0.7632522,1.856282,-76.32522
17.70021,0.8000726,1.841017,-80.00726
17.72021,0.8365729,1.825015,-83.65729
17.74022,0.8727385,1.808284,-87.27386
17.76022,0.9085552,1.790829,-90.85551
17.78022,0.9440083,1.772658,-94.40083
17.80022,0.9790838,1.753778,-97.90839
17.82022,1.013768,1.734196,-101.3768
17.84022,1.048046,1.713921,-104.8046
17.86022,1.081905,1.69296,-108.1905
17.88022,1.115332,1.671322,-111.5332
17.90022,1.148312,1.649015,-114.8312
17.92022,1.180833,1.626049,-118.0833
17.94022,1.212882,1.602432,-121.2882
17.96022,1.244445,1.578175,-124.4445
17.98022,1.275511,1.553286,-127.5511
18.00022,1.306067,1.527776,-130.6067
18.02022,1.3361,1.501654,-133.61
18.04022,1.365598,1.474932,-136.5598
18.06022,1.394551,1.44762,-139.4551
18.08022,1.422945,1.419729,-142.2945
18.10022,1.450771,1.39127,-145.0771
18.12022,1.478016,1.362255,-147.8016
18.14022,1.50467,1.332695,-150.4669
18.16022,1.530722,1.302601,-153.0722
18.18023,1.556161,1.271987,-155.6161
18.20023,1.580979,1.240863,-158.0979
18.22023,1.605163,1.209244,-160.5163
18.24023,1.628706,1.177141,-162.8706
18.26023,1.651597,1.144567,-165.1597
18.28023,1.673828,1.111535,-167.3828
18.30023,1.695389,1.078058,-169.5389
18.32023,1.716272,1.04415,-171.6272
18.34023,1.736469,1.009825,-173.6469
18.36023,1.755971,0.9750954,-175.5971
18.38023,1.77477,0.939976,-177.477
18.40023,1.79286,0.9044806,-179.286
18.42023,1.810232,0.8686234,-181.0232
18.44023,1.826881,0.8324187,-182.6881
18.46023,1.842798,0.7958812,-184.2798
18.48023,1.857979,0.7590252,-185.7979
18.50023,1.872416,0.7218657,-187.2416
18.52023,1.886104,0.6844173,-188.6104
18.54023,1.899038,0.6466952,-189.9038
18.56023,1.911213,0.6087145,-191.1213
18.58023,1.922622,0.5704902,-192.2622
18.60023,1.933263,0.5320378,-193.3263
18.62024,1.94313,0.4933725,-194.313
18.64024,1.952221,0.4545099,-195.2221
18.66024,1.96053,0.4154655,-196.053
18.68024,1.968055,0.3762549,-196.8055
18.70024,1.974793,0.3368938,-197.4793
18.72024,1.980741,0.297398,-198.0741
18.74024,1.985897,0.2577831,-198.5897
18.76024,1.990258,0.2180652,-199.0258
18.78024,1.993823,0.1782601,-199.3823
18.80024,1.996591,0.1383836,-199.6591
18.82024,1.99856,0.09845178,-199.856
18.84024,1.999729,0.05848058,-199.9729
18.86024,2.000099,0.018486,-200.0099
18.88024,1.999669,-0.02151598,-199.9669
18.90024,1.998438,-0.06150935,-199.8438
18.92024,1.996409,-0.1014781,-199.6409
18.94024,1.993581,-0.1414063,-199.3581
18.96024,1.989955,-0.1812779,-198.9955
18.98024,1.985534,-0.221077,-198.5534
19.00024,1.980318,-0.2607877,-198.0318
19.02024,1.97431,-0.300394,-197.431
19.04025,1.967512,-0.3398802,-196.7512
19.06025,1.959928,-0.3792305,-195.9928
19.08025,1.951559,-0.418429,-195.1559
19.10025,1.94241,-0.4574602,-194.241
19.12025,1.932484,-0.4963084,-193.2484
19.14025,1.921785,-0.5349581,-192.1785
19.16025,1.910317,-0.5733938,-191.0317
19.18025,1.898085,-0.6116001,-189.8085
19.20025,1.885094,-0.6495618,-188.5094
19.22025,1.871348,-0.6872636,-187.1348
19.24025,1.856854,-0.7246906,-185.6854
19.26025,1.841618,-0.7618276,-184.1618
19.28025,1.825645,-0.79866,-182.5645
19.30025,1.808941,-0.8351729,-180.8941
19.32025,1.791514,-0.8713517,-179.1514
19.34025,1.773371,-0.907182,-177.3371
19.36025,1.754518,-0.9426494,-175.4518
19.38025,1.734963,-0.9777397,-173.4963
19.40025,1.714714,-1.012439,-171.4714
19.42025,1.693779,-1.046733,-169.3779
19.44025,1.672167,-1.080609,-167.2167
19.46025,1.649886,-1.114052,-164.9886
19.48026,1.626945,-1.14705,-162.6945
19.50026,1.603353,-1.179589,-160.3353
19.52026,1.57912,-1.211656,-157.912
19.54026,1.554255,-1.243238,-155.4255
19.56026,1.528769,-1.274323,-152.8769
19.58026,1.502671,-1.304899,-150.2671
19.60026,1.475972,-1.334952,-147.5972
19.62026,1.448682,-1.364471,-144.8682
19.64026,1.420814,-1.393445,-142.0814
19.66026,1.392376,-1.421861,-139.2376
19.68026,1.363382,-1.449709,-136.3382
19.70026,1.333843,-1.476977,-133.3842
19.72026,1.303769,-1.503654,-130.377
19.74026,1.273175,-1.529729,-127.3175
19.76026,1.242071,-1.555192,-124.2071
19.78026,1.21047,-1.580034,-121.047
19.80026,1.178385,-1.604243,-117.8385
19.82026,1.145829,-1.627811,-114.5829
19.84026,1.112815,-1.650727,-111.2815
19.86026,1.079355,-1.672984,-107.9355
19.88026,1.045464,-1.694571,-104.5464
19.90026,1.011154,-1.71548,-101.1154
19.92027,0.97644,-1.735703,-97.644
19.94027,0.9413354,-1.755232,-94.13354
19.96027,0.9058542,-1.774059,-90.58542
19.98027,0.8700107,-1.792176,-87.00108
20.00027,0.8338192,-1.809576,-83.38192
